{"power": {"dims": ["k"], "edges": [{"__dtype__": "<f8", "__shape__": [33], "__data__": [0.0, 0.06283185307179587, 0.12566370614359174, 0.1884955592153876, 0.25132741228718347, 0.3141592653589793, 0.3769911184307752, 0.4398229715025711, 0.5026548245743669, 0.5654866776461628, 0.6283185307179586, 0.6911503837897546, 0.7539822368615504, 0.8168140899333463, 0.8796459430051422, 0.942477796076938, 1.0053096491487339, 1.0681415022205298, 1.1309733552923256, 1.1938052083641215, 1.2566370614359172, 1.3194689145077132, 1.3823007675795091, 1.4451326206513049, 1.5079644737231008, 1.5707963267948968, 1.6336281798666925, 1.6964600329384885, 1.7592918860102844, 1.8221237390820801, 1.884955592153876, 1.9477874452256718, 2.0106192982974678]}], "coords": [{"__dtype__": "<f8", "__shape__": [32], "__data__": [0.031415926535897934, 0.0942477796076938, 0.15707963267948966, 0.21991148575128555, 0.2827433388230814, 0.3455751918948773, 0.4084070449666731, 0.471238898038469, 0.5340707511102649, 0.5969026041820606, 0.6597344572538566, 0.7225663103256525, 0.7853981633974483, 0.8482300164692442, 0.9110618695410402, 0.9738937226128359, 1.0367255756846319, 1.0995574287564276, 1.1623892818282235, 1.2252211349000195, 1.2880529879718152, 1.3508848410436112, 1.413716694115407, 1.4765485471872029, 1.5393804002589988, 1.6022122533307948, 1.6650441064025905, 1.7278759594743864, 1.7907078125461822, 1.8535396656179781, 1.916371518689774, 1.9792033717615698]}], "data": {"__dtype__": [["k", "<f8"], ["power", "<c16"], ["modes", "<i8"]], "__shape__": [32], "__data__": [[0.0, {"__complex__": [0.0, 0.0]}, 1], [0.08899641323548096, {"__complex__": [5984.75, 0.0]}, 26], [0.15079122646288437, {"__complex__": [2971.581202651515, 0.0]}, 66], [0.2144790255947958, {"__complex__": [1689.0777294303798, 0.0]}, 158], [0.2783660881030254, {"__complex__": [940.3687900641027, 0.0]}, 234], [0.3435099971003649, {"__complex__": [683.8128048780487, 0.0]}, 410], [0.4047886956245341, {"__complex__": [488.9918882978723, 0.0]}, 470], [0.4676716887369389, {"__complex__": [373.67687161246613, 0.0]}, 738], [0.5310610424761378, {"__complex__": [292.1339772075688, 0.0]}, 872], [0.5946859971354508, {"__complex__": [248.4610717353952, 0.0]}, 1164], [0.6587671236496732, {"__complex__": [177.73574190967284, 0.0]}, 1406], [0.7205306261362383, {"__complex__": [151.87860424588087, 0.0]}, 1578], [0.7827861189842225, {"__complex__": [128.98121827411168, 0.0]}, 1970], [0.847039926535783, {"__complex__": [107.58857908918004, 0.0]}, 2366], [0.9096854930322315, {"__complex__": [90.58530954491727, 0.0]}, 2538], [0.9720790138784444, {"__complex__": [77.54196994957711, 0.0]}, 3074], [1.0347630688441716, {"__complex__": [65.5351255293406, 0.0]}, 3306], [1.097627450042193, {"__complex__": [57.051444875381485, 0.0]}, 3932], [1.1609572203330745, {"__complex__": [50.83632046568628, 0.0]}, 4284], [1.2239697129220433, {"__complex__": [44.322398885516954, 0.0]}, 4778], [1.2871120100677709, {"__complex__": [40.22747919800677, 0.0]}, 5318], [1.3500249815103202, {"__complex__": [37.02833898157803, 0.0]}, 5754], [1.4127017630728076, {"__complex__": [32.13357517209011, 0.0]}, 6392], [1.4755763437736917, {"__complex__": [27.74309624565972, 0.0]}, 6912], [1.5378651179322718, {"__complex__": [27.029255003392134, 0.0]}, 7370], [1.6006575941323948, {"__complex__": [23.901766956782716, 0.0]}, 8330], [1.6640799848711227, {"__complex__": [21.402316159717476, 0.0]}, 8778], [1.7272718593450511, {"__complex__": [19.383219014557092, 0.0]}, 9686], [1.789765268219584, {"__complex__": [18.055151907080543, 0.0]}, 9858], [1.8523537527380654, {"__complex__": [16.663520762408172, 0.0]}, 11162], [1.9148068457007472, {"__complex__": [15.559320798115866, 0.0]}, 11358], [1.9778899214094097, {"__complex__": [14.295077574393108, 0.0]}, 12770]]}, "attrs": {"Nmesh": {"__dtype__": "<i8", "__shape__": [3], "__data__": [64, 64, 64]}, "BoxSize": {"__dtype__": "<f8", "__shape__": [3], "__data__": [100.0, 100.0, 100.0]}, "Lx": 100.0, "Ly": 100.0, "Lz": 100.0, "volume": 1000000.0, "mode": "1d", "los": [0, 0, 1], "Nmu": 1, "poles": [], "dk": 0.06283185307179587, "kmin": 0.0, "kmax": null, "N1": 0, "N2": 0, "shotnoise": 0}}, "poles": null, "attrs": {"Nmesh": {"__dtype__": "<i8", "__shape__": [3], "__data__": [64, 64, 64]}, "BoxSize": {"__dtype__": "<f8", "__shape__": [3], "__data__": [100.0, 100.0, 100.0]}, "Lx": 100.0, "Ly": 100.0, "Lz": 100.0, "volume": 1000000.0, "mode": "1d", "los": [0, 0, 1], "Nmu": 1, "poles": [], "dk": 0.06283185307179587, "kmin": 0.0, "kmax": null, "N1": 0, "N2": 0, "shotnoise": 0}}